Name,Passed,Failed,Incomplete,Duration,Details
TestComplexModels/testNestedPortsEditsAndIndependentSimulation,1,0,0,25.3676079,
TestComplexModels/testScopedSiblingRoutingAndClosedLoop,1,0,0,4.2376153,
TestComplexModels/testSiblingLocalTagsAreIndependent,1,0,0,2.8816186,
TestComplexModels/testRoutingMissingAmbiguousAndScopeEscape,1,0,0,1.2909755,
TestComplexModels/testTransferFcnDirectFeedthroughAndScaledDenominator,1,0,0,5.378739,
TestComplexModels/testStateSpaceNonzeroInitialWorkspaceAndIndependentODE,1,0,0,3.7991899,
TestComplexModels/testScalarInitialExpansionAndSafeNumericGrammar,1,0,0,3.1577383,
TestComplexModels/testDynamicDimensionImproperAndInitialRestoreRejected,1,0,0,0.7590839,
TestComplexModels/testDirectFeedthroughCycleAndStateFeedback,1,0,0,0.8621851,
TestComplexModels/testUnknownDeadNestedBlockFullPath,1,0,0,0.7799059,
TestComplexModels/testControlledMaskedAtomicAndDiscreteRejected,1,0,0,0.8107307,
TestComplexModels/testStableLegalNamesSourceMapAndNoMutation,1,0,0,0.8983963,
TestComplexModels/testDeadAlgebraicRoutingCycleRejected,1,0,0,0.8283451,
TestFormulaExport/testRoundTrip,1,0,0,0.313367,
TestFormulaExport/testLatex,1,0,0,0.0182753,
TestFormulaExport/testIndependentDocuments,1,0,0,0.0406542,
TestFormulaExport/testWritesAndRefusesOverwrite,1,0,0,0.0942747,
TestFormulaExport/testEmptyRoles,1,0,0,0.0304183,
TestFormulaExport/testNegativeNumberPower,1,0,0,0.0066417,
TestFormulaExport/testLongExpressionRoundTrip,1,0,0,0.1166548,
TestGeneration/testNativeGeneration,1,0,0,2.4487957,
TestGeneration/testArtifactCollision,1,0,0,1.6919031,
TestGeneration/testLoadedCollision,1,0,0,0.1653849,
TestGeneration/testStateOrderAndNoInputs,1,0,0,1.2618629,
TestGeneration/testBuildScript,1,0,0,4.1469083,
TestInputOutput/firstOrderAndInitialState,1,0,0,1.5574879,
TestInputOutput/massSpringDamper,1,0,0,0.2742845,
TestInputOutput/mimoAndIdentifierOrder,1,0,0,0.3554514,
TestInputOutput/pureDirectFeedthrough,1,0,0,0.1527174,
TestInputOutput/parameterOnlyOperations,1,0,0,0.0194955,
TestInputOutput/structuralCancellationAndTinyCoefficients,1,0,0,0.0131365,
TestInputOutput/nonlinearRejection,1,0,0,0.1261529,
TestInputOutput/nonzeroOffsets,1,0,0,0.0170612,
TestInputOutput/invalidConstantArithmetic,1,0,0,0.0541492,
TestInputOutput/rejectTimeSymbolAndInputless,1,0,0,0.0330834,
TestLinearization/manualMimoJacobiansAndOrdering,1,0,0,0.3566938,
TestLinearization/nonzeroPendulumEquilibrium,1,0,0,0.2132451,
TestLinearization/completeAffineResidualAndDefaultRejection,1,0,0,0.1761846,
TestLinearization/toleranceDoesNotEraseResidual,1,0,0,0.1127587,
TestLinearization/independentTaylorRemainderScaling,1,0,0,0.0873925,
TestLinearization/nonlinearOdeSmallSignalResponse,1,0,0,0.6150229,
TestLinearization/analyticVariablePowersAndQuotient,1,0,0,0.0830414,
TestLinearization/negativeBasesAndParameterIntegerPowers,1,0,0,0.0657627,
TestLinearization/zeroBaseIntegerPowerConventions,1,0,0,0.0850602,
TestLinearization/positiveFractionalPowers,1,0,0,0.061134,
TestLinearization/constantZeroBaseAndTinyConstantArithmetic,1,0,0,0.1233238,
TestLinearization/singularDivisionsNotCancelled,1,0,0,0.0826841,
TestLinearization/singularAndNonrealPowers,1,0,0,0.1841677,
TestLinearization/nonfiniteValuesAndDerivatives,1,0,0,0.0271502,
TestLinearization/incompleteAndExtraWorkingPointNames,1,0,0,0.104849,
TestLinearization/invalidPointValueTypes,1,0,0,0.2491026,
TestLinearization/invalidOptions,1,0,0,0.1048305,
TestLinearization/rawSpecRevalidationAndNumericParameters,1,0,0,0.0695373,
TestLinearization/autonomousSystemAndEmptyInputMap,1,0,0,0.2025711,
TestLinearization/chineseReportAndRequiredFields,1,0,0,0.0597139,
TestParser/testArithmetic,1,0,0,0.2468099,
TestParser/testBindings,1,0,0,0.0208462,
TestParser/testUnsafeSyntax,1,0,0,0.0314902,
TestParser/testLimits,1,0,0,0.0732565,
TestParser/testDomain,1,0,0,0.0221785,
TestParser/testAstBoundary,1,0,0,0.1013615,
TestRoundTrip/testEditedGainConstantAndConnection,1,0,0,1.9204695,
TestRoundTrip/testWorkspaceAndInitialEdits,1,0,0,1.599187,
TestRoundTrip/testIntegratorSettingsRejected,1,0,0,1.4843298,
TestRoundTrip/testExpandedDynamicsAndHierarchy,1,0,0,2.1385129,
TestRoundTrip/testUnsafeAndVectorParameters,1,0,0,1.6455266,
TestRoundTrip/testAlgebraicLoop,1,0,0,1.4894442,
TestRoundTrip/testDivisionOrderAndSigns,1,0,0,2.0030867,
TestRoundTrip/testSampleTimeAndCommentRejected,1,0,0,1.5822517,
TestRoundTrip/testOutputConnectionAndMetadata,1,0,0,1.5916676,
TestSimulation/runtimeComparisonMatchesAnalyticResponse,1,0,0,2.3212209,
TestSimulation/firstOrderNonzeroInitial,1,0,0,1.7916351,
TestSimulation/massSpringMatchesIndependentODE,1,0,0,1.9638728,
TestSimulation/coupledInputsPreservePortOrder,1,0,0,1.8203728,
TestSymbolicAnalysis/firstOrderExactAndChineseDerivation,1,0,0,3.2972104,
TestSymbolicAnalysis/massSpringExactHandDerivation,1,0,0,0.7888789,
TestSymbolicAnalysis/mimoOrderedNamesAndDirectFeedthrough,1,0,0,0.6003393,
TestSymbolicAnalysis/numericFrequencyResponseAfterSubstitution,1,0,0,1.1396616,
TestSymbolicAnalysis/mixedSelectedNumericAndUnresolved,1,0,0,0.5635451,
TestSymbolicAnalysis/explicitEmptySelectionNumeric,1,0,0,0.21377,
TestSymbolicAnalysis/validatorKeepsUnresolvedDeclarations,1,0,0,0.2612652,
TestSymbolicAnalysis/sharedStructureChecks,1,0,0,0.0416983,
TestSymbolicAnalysis/invalidParameterDeclarations,1,0,0,0.1050987,
TestSymbolicAnalysis/invalidOptions,1,0,0,0.0603842,
TestSymbolicAnalysis/rejectsLuckySubstitutionNonlinearity,1,0,0,1.2492257,
TestSymbolicAnalysis/unresolvedCannotBecomeLuckyPlaceholder,1,0,0,0.2114692,
TestSymbolicAnalysis/rejectsSymbolicNonlinearOutput,1,0,0,0.1258881,
TestSymbolicAnalysis/rejectsSymbolicOffsets,1,0,0,0.3594192,
TestSymbolicAnalysis/exactCancellationAndExplicitNumericalDegeneracy,1,0,0,0.4511093,
TestSymbolicAnalysis/tinyCoefficientsStayExactNonzero,1,0,0,0.242317,
TestSymbolicAnalysis/originalDivisionSurvivesSimplification,1,0,0,0.3469553,
TestSymbolicAnalysis/nestedDivisionAndZeroMultiplierDomains,1,0,0,0.5028389,
TestSymbolicAnalysis/invalidDomainsRejectBeforeCancellation,1,0,0,0.20873,
TestSymbolicAnalysis/cancelledStateDivisionStillRejected,1,0,0,0.1501174,
TestSymbolicAnalysis/negativePowerDomain,1,0,0,0.3244268,
TestSymbolicAnalysis/fractionalPowerDomainSurvivesCancellation,1,0,0,0.2838195,
TestSymbolicAnalysis/realPowerExplicitBranchCondition,1,0,0,1.0085994,
TestSymbolicAnalysis/parameterFunctionsAndRealNotPositive,1,0,0,0.4790867,
TestSymbolicAnalysis/laplaceVariableCollision,1,0,0,0.4776666,
TestSymbolicAnalysis/resolventConditionSurvivesUnobservableCancellation,1,0,0,0.3200113,
TestSymbolicAnalysis/noInputsReject,1,0,0,0.023734,
TestUI/exampleLoadingPreservesData,1,0,0,3.6219899,
TestUI/checksAndAnalysisUseCurrentInputs,1,0,0,1.334321,
TestUI/errorsPreserveInputAndReleaseButtons,1,0,0,4.4562761,
TestUI/rejectsEmptyVariableEntries,1,0,0,1.1550549,
TestUIV2/chineseLabelsAndModeControls,1,0,0,1.0042116,
TestUIV2/loadExampleClearsPreviousResults,1,0,0,1.0173162,
TestUIV2/symbolicModePreservesSelectedParameters,1,0,0,1.2954213,
TestUIV2/unresolvedFormulasExportWithoutNumericPlaceholder,1,0,0,1.1874034,
TestUIV2/workingPointEditsAreUsed,1,0,0,0.9843476,
TestUIV2/nonEquilibriumRequiresExplicitChoice,1,0,0,3.3067305,
TestUIV2/chineseErrorsRetainSourceDetails,1,0,0,3.2540417,
TestV2Pipeline/nestedModelToWorkingPointAndPerturbation,1,0,0,3.6047823,
TestV2Pipeline/symbolicFormulaSubstitutionMatchesNumericalAnalysis,1,0,0,0.5565197,
TestValidation/testNormalizesAndOrders,1,0,0,0.1838148,
TestValidation/testJsonInput,1,0,0,0.0350688,
TestValidation/testDuplicateRolesAndReserved,1,0,0,0.0289738,
TestValidation/testDerivatives,1,0,0,0.0261568,
TestValidation/testSymbols,1,0,0,0.0232391,
TestValidation/testNumericValues,1,0,0,0.0938637,
TestValidation/testMissingFields,1,0,0,0.1135054,
